<?xml version="1.0" encoding="UTF-8"?>
<project-private xmlns="http://www.netbeans.org/ns/project-private/1">
    <editor-bookmarks xmlns="http://www.netbeans.org/ns/editor-bookmarks/2" lastBookmarkId="0"/>
    <open-files xmlns="http://www.netbeans.org/ns/projectui-open-files/2">
        <group>
            <file>file:/C:/Users/chatt/OneDrive/Documents/NetBeansProjects/Bank%20managment%20System/src/bankmanagment/system/con.java</file>
            <file>file:/C:/Users/chatt/OneDrive/Documents/NetBeansProjects/Bank%20managment%20System/src/bankmanagment/system/Login.java</file>
            <file>file:/C:/Users/chatt/OneDrive/Documents/NetBeansProjects/Bank%20managment%20System/src/bankmanagment/system/SignupOne.java</file>
        </group>
    </open-files>
</project-private>
